title_id,title_type
tt0120338,movie
tt0499549,movie
tt0407887,movie
tt1130884,movie
tt0099685,movie
tt1302006,movie
tt2872718,movie
tt0246578,movie
tt8772262,movie
tt0382932,movie
tt0110912,movie
tt4154796,movie
tt7131622,movie
tt0450259,movie
tt1677720,movie
tt2015381,movie
tt2704998,movie
tt0332280,movie
tt1723121,movie
tt0133093,movie
tt2911666,movie
tt0092099,movie
tt0454921,movie
tt0108778,tvSeries
tt4052886,tvSeries
tt5420376,tvSeries
tt0426371,tvSeries
tt0118466,tvSeries
tt0098800,tvSeries
tt0369179,tvSeries
tt0898266,tvSeries
tt2431438,tvSeries
tt0460649,tvSeries
tt0583431,tvEpisode
tt0583432,tvEpisode
tt0583433,tvEpisode
tt0583435,tvEpisode
tt0583436,tvEpisode
tt0583437,tvEpisode
tt0583438,tvEpisode
tt0583439,tvEpisode
tt0583440,tvEpisode
tt0583441,tvEpisode
tt0583442,tvEpisode
tt0583443,tvEpisode
tt0583444,tvEpisode
tt0583445,tvEpisode
tt0583446,tvEpisode
tt0583447,tvEpisode
tt0583448,tvEpisode
tt0583449,tvEpisode
tt0583450,tvEpisode
tt0583451,tvEpisode
tt0583452,tvEpisode
tt0583453,tvEpisode
tt0583454,tvEpisode
tt0583455,tvEpisode
tt0583456,tvEpisode
tt0583457,tvEpisode
tt0583458,tvEpisode
tt0583459,tvEpisode
tt0583460,tvEpisode
tt0583461,tvEpisode
tt0583462,tvEpisode
tt0583463,tvEpisode
tt0583464,tvEpisode
tt0583465,tvEpisode
tt0583466,tvEpisode
tt0583467,tvEpisode
tt0583468,tvEpisode
tt0583469,tvEpisode
tt0583470,tvEpisode
tt0583471,tvEpisode
tt0583472,tvEpisode
tt0583473,tvEpisode
tt0583474,tvEpisode
tt0583475,tvEpisode
tt0583476,tvEpisode
tt0583477,tvEpisode
tt0583478,tvEpisode
tt0583479,tvEpisode
tt0583480,tvEpisode
tt0583481,tvEpisode
tt0583482,tvEpisode
tt0583483,tvEpisode
tt0583484,tvEpisode
tt0583485,tvEpisode
tt0583486,tvEpisode
tt0583487,tvEpisode
tt0583488,tvEpisode
tt0583489,tvEpisode
tt0583490,tvEpisode
tt0583491,tvEpisode
tt0583492,tvEpisode
tt0583493,tvEpisode
tt0583494,tvEpisode
tt0583495,tvEpisode
tt0583496,tvEpisode
tt0583497,tvEpisode
tt0583498,tvEpisode
tt0583499,tvEpisode
tt0583500,tvEpisode
tt0583501,tvEpisode
tt0583502,tvEpisode
tt0583503,tvEpisode
tt0583504,tvEpisode
tt0583505,tvEpisode
tt0583506,tvEpisode
tt0583507,tvEpisode
tt0583510,tvEpisode
tt0583511,tvEpisode
tt0583512,tvEpisode
tt0583513,tvEpisode
tt0583514,tvEpisode
tt0583515,tvEpisode
tt0583516,tvEpisode
tt0583517,tvEpisode
tt0583518,tvEpisode
tt0583519,tvEpisode
tt0583520,tvEpisode
tt0583521,tvEpisode
tt0583522,tvEpisode
tt0583523,tvEpisode
tt0583524,tvEpisode
tt0583525,tvEpisode
tt0583526,tvEpisode
tt0583527,tvEpisode
tt0583528,tvEpisode
tt0583529,tvEpisode
tt0583530,tvEpisode
tt0583531,tvEpisode
tt0583532,tvEpisode
tt0583533,tvEpisode
tt0583534,tvEpisode
tt0583535,tvEpisode
tt0583536,tvEpisode
tt0583537,tvEpisode
tt0583538,tvEpisode
tt0583539,tvEpisode
tt0583540,tvEpisode
tt0583541,tvEpisode
tt0583542,tvEpisode
tt0583543,tvEpisode
tt0583544,tvEpisode
tt0583545,tvEpisode
tt0583546,tvEpisode
tt0583547,tvEpisode
tt0583548,tvEpisode
tt0583549,tvEpisode
tt0583550,tvEpisode
tt0583551,tvEpisode
tt0583552,tvEpisode
tt0583553,tvEpisode
tt0583554,tvEpisode
tt0583555,tvEpisode
tt0583556,tvEpisode
tt0583557,tvEpisode
tt0583558,tvEpisode
tt0583559,tvEpisode
tt0583560,tvEpisode
tt0583561,tvEpisode
tt0583562,tvEpisode
tt0583563,tvEpisode
tt0583564,tvEpisode
tt0583565,tvEpisode
tt0583566,tvEpisode
tt0583567,tvEpisode
tt0583568,tvEpisode
tt0583569,tvEpisode
tt0583570,tvEpisode
tt0583571,tvEpisode
tt0583572,tvEpisode
tt0583573,tvEpisode
tt0583574,tvEpisode
tt0583575,tvEpisode
tt0583576,tvEpisode
tt0583577,tvEpisode
tt0583578,tvEpisode
tt0583579,tvEpisode
tt0583580,tvEpisode
tt0583581,tvEpisode
tt0583582,tvEpisode
tt0583583,tvEpisode
tt0583584,tvEpisode
tt0583585,tvEpisode
tt0583586,tvEpisode
tt0583587,tvEpisode
tt0583588,tvEpisode
tt0583589,tvEpisode
tt0583590,tvEpisode
tt0583591,tvEpisode
tt0583592,tvEpisode
tt0583593,tvEpisode
tt0583594,tvEpisode
tt0583595,tvEpisode
tt0583596,tvEpisode
tt0583597,tvEpisode
tt0583598,tvEpisode
tt0583599,tvEpisode
tt0583600,tvEpisode
tt0583601,tvEpisode
tt0583602,tvEpisode
tt0583603,tvEpisode
tt0583604,tvEpisode
tt0583605,tvEpisode
tt0583606,tvEpisode
tt0583607,tvEpisode
tt0583608,tvEpisode
tt0583609,tvEpisode
tt0583610,tvEpisode
tt0583611,tvEpisode
tt0583612,tvEpisode
tt0583613,tvEpisode
tt0583614,tvEpisode
tt0583615,tvEpisode
tt0583616,tvEpisode
tt0583617,tvEpisode
tt0583618,tvEpisode
tt0583619,tvEpisode
tt0583620,tvEpisode
tt0583621,tvEpisode
tt0583622,tvEpisode
tt0583623,tvEpisode
tt0583624,tvEpisode
tt0583625,tvEpisode
tt0583626,tvEpisode
tt0583627,tvEpisode
tt0583628,tvEpisode
tt0583629,tvEpisode
tt0583630,tvEpisode
tt0583631,tvEpisode
tt0583632,tvEpisode
tt0583633,tvEpisode
tt0583634,tvEpisode
tt0583635,tvEpisode
tt0583636,tvEpisode
tt0583637,tvEpisode
tt0583638,tvEpisode
tt0583639,tvEpisode
tt0583640,tvEpisode
tt0583641,tvEpisode
tt0583642,tvEpisode
tt0583643,tvEpisode
tt0583644,tvEpisode
tt0583645,tvEpisode
tt0583646,tvEpisode
tt0583647,tvEpisode
tt0583648,tvEpisode
tt0583649,tvEpisode
tt0583650,tvEpisode
tt0583651,tvEpisode
tt0583652,tvEpisode
tt0583653,tvEpisode
tt0583654,tvEpisode
tt0583655,tvEpisode
tt0583656,tvEpisode
tt0583657,tvEpisode
tt0583658,tvEpisode
tt0583659,tvEpisode
tt0583660,tvEpisode
tt0756481,tvEpisode
tt0756482,tvEpisode
tt0756483,tvEpisode
tt0756484,tvEpisode
tt0831047,tvEpisode
tt0831990,tvEpisode
tt0831991,tvEpisode
tt0954401,tvEpisode
tt10447668,tvEpisode
tt10519880,tvEpisode
tt10782342,tvEpisode
tt10959182,tvEpisode
tt11051084,tvEpisode
tt11096710,tvEpisode
tt11132828,tvEpisode
tt11202864,tvEpisode
tt11284730,tvEpisode
tt11284738,tvEpisode
tt11284740,tvEpisode
tt11284742,tvEpisode
tt11284746,tvEpisode
tt11284748,tvEpisode
tt11284750,tvEpisode
tt11284754,tvEpisode
tt12585334,tvEpisode
tt13063430,tvEpisode
tt13063432,tvEpisode
tt13063434,tvEpisode
tt13063500,tvEpisode
tt13070562,tvEpisode
tt13070564,tvEpisode
tt13070566,tvEpisode
tt13070570,tvEpisode
tt13070572,tvEpisode
tt4932378,tvEpisode
tt4952842,tvEpisode
tt4952846,tvEpisode
tt4952848,tvEpisode
tt4952850,tvEpisode
tt4952852,tvEpisode
tt4952854,tvEpisode
tt4952856,tvEpisode
tt4952858,tvEpisode
tt4952862,tvEpisode
tt4952864,tvEpisode
tt4952866,tvEpisode
tt4952868,tvEpisode
tt5615568,tvEpisode
tt5668562,tvEpisode
tt5668566,tvEpisode
tt5668568,tvEpisode
tt5668570,tvEpisode
tt5668572,tvEpisode
tt5668574,tvEpisode
tt5668576,tvEpisode
tt5668578,tvEpisode
tt5668580,tvEpisode
tt5668582,tvEpisode
tt5668584,tvEpisode
tt5668586,tvEpisode
tt6208164,tvEpisode
tt6208168,tvEpisode
tt6208170,tvEpisode
tt6208174,tvEpisode
tt6208182,tvEpisode
tt6533292,tvEpisode
tt6552784,tvEpisode
tt6552798,tvEpisode
tt6552806,tvEpisode
tt6552810,tvEpisode
tt6552820,tvEpisode
tt6552836,tvEpisode
tt6552842,tvEpisode
tt6552844,tvEpisode
tt6552852,tvEpisode
tt6552860,tvEpisode
tt6552872,tvEpisode
tt6552878,tvEpisode
tt6552884,tvEpisode
tt6552892,tvEpisode
tt6552894,tvEpisode
tt6552896,tvEpisode
tt6552900,tvEpisode
tt6552904,tvEpisode
tt6552906,tvEpisode
tt6552910,tvEpisode
tt6552914,tvEpisode
tt8253126,tvEpisode
tt8253134,tvEpisode
tt8457974,tvEpisode
tt8458056,tvEpisode
tt8564388,tvEpisode
tt8565620,tvEpisode
tt8565622,tvEpisode
tt8565624,tvEpisode
tt8565626,tvEpisode
tt8565628,tvEpisode
tt8565630,tvEpisode
tt8565634,tvEpisode
tt8565638,tvEpisode
tt8565640,tvEpisode
tt10674820,tvEpisode
tt10884066,tvEpisode
tt10884082,tvEpisode
tt10938590,tvEpisode
tt11056146,tvEpisode
tt11056160,tvEpisode
tt11286746,tvEpisode
tt11316620,tvEpisode
tt11372632,tvEpisode
tt11401822,tvEpisode
tt11568508,tvEpisode
tt11630932,tvEpisode
tt11662332,tvEpisode
tt11662356,tvEpisode
tt11800266,tvEpisode
tt11814816,tvEpisode
tt11814826,tvEpisode
tt11814828,tvEpisode
tt12076644,tvEpisode
tt13267198,tvEpisode
tt13267206,tvEpisode
tt13267224,tvEpisode
tt13267234,tvEpisode
tt13664442,tvEpisode
tt13664756,tvEpisode
tt13977218,tvEpisode
tt13977630,tvEpisode
tt14138672,tvEpisode
tt14138778,tvEpisode
tt14138838,tvEpisode
tt14146694,tvEpisode
tt14787320,tvEpisode
tt14850292,tvEpisode
tt15139794,tvEpisode
tt15223376,tvEpisode
tt15327922,tvEpisode
tt15327926,tvEpisode
tt15327928,tvEpisode
tt15327930,tvEpisode
tt15572586,tvEpisode
tt15747050,tvEpisode
tt15747054,tvEpisode
tt5728914,tvEpisode
tt5728918,tvEpisode
tt5728922,tvEpisode
tt5728924,tvEpisode
tt5728926,tvEpisode
tt5728928,tvEpisode
tt5728930,tvEpisode
tt5728932,tvEpisode
tt5728934,tvEpisode
tt5728936,tvEpisode
tt5728940,tvEpisode
tt5728942,tvEpisode
tt5728946,tvEpisode
tt6618896,tvEpisode
tt6746362,tvEpisode
tt6746366,tvEpisode
tt6746372,tvEpisode
tt6746380,tvEpisode
tt6746392,tvEpisode
tt6746402,tvEpisode
tt6746406,tvEpisode
tt6746420,tvEpisode
tt6746428,tvEpisode
tt6746434,tvEpisode
tt6746444,tvEpisode
tt6746458,tvEpisode
tt7124262,tvEpisode
tt7124300,tvEpisode
tt7124328,tvEpisode
tt7124370,tvEpisode
tt7124394,tvEpisode
tt7124426,tvEpisode
tt7124490,tvEpisode
tt7124590,tvEpisode
tt7124636,tvEpisode
tt8227226,tvEpisode
tt8451418,tvEpisode
tt8451426,tvEpisode
tt8451428,tvEpisode
tt8451432,tvEpisode
tt8451434,tvEpisode
tt8451436,tvEpisode
tt8451438,tvEpisode
tt8451440,tvEpisode
tt8451442,tvEpisode
tt8451444,tvEpisode
tt8451446,tvEpisode
tt8451450,tvEpisode
tt8589998,tvEpisode
tt8590008,tvEpisode
tt8590014,tvEpisode
tt8590024,tvEpisode
tt8590026,tvEpisode
tt8590030,tvEpisode
tt8590032,tvEpisode
tt8590036,tvEpisode
tt8590040,tvEpisode
tt9695694,tvEpisode
tt0712938,tvEpisode
tt0712939,tvEpisode
tt0712940,tvEpisode
tt0712941,tvEpisode
tt0712942,tvEpisode
tt0712943,tvEpisode
tt0712944,tvEpisode
tt0712945,tvEpisode
tt0712946,tvEpisode
tt0712947,tvEpisode
tt0712948,tvEpisode
tt0712949,tvEpisode
tt0712950,tvEpisode
tt0712951,tvEpisode
tt0712952,tvEpisode
tt0712953,tvEpisode
tt0712954,tvEpisode
tt0712955,tvEpisode
tt0712956,tvEpisode
tt0712957,tvEpisode
tt0712958,tvEpisode
tt0712959,tvEpisode
tt0712960,tvEpisode
tt0712961,tvEpisode
tt0712962,tvEpisode
tt0712963,tvEpisode
tt0712964,tvEpisode
tt0712965,tvEpisode
tt0712966,tvEpisode
tt0712967,tvEpisode
tt0712968,tvEpisode
tt0712970,tvEpisode
tt0712971,tvEpisode
tt0712972,tvEpisode
tt0712973,tvEpisode
tt0759871,tvEpisode
tt0763062,tvEpisode
tt0770658,tvEpisode
tt0770867,tvEpisode
tt0773739,tvEpisode
tt0774437,tvEpisode
tt0780824,tvEpisode
tt0781303,tvEpisode
tt0786247,tvEpisode
tt0786617,tvEpisode
tt0795291,tvEpisode
tt0796744,tvEpisode
tt0799362,tvEpisode
tt0809800,tvEpisode
tt0809801,tvEpisode
tt0825626,tvEpisode
tt0828324,tvEpisode
tt0830112,tvEpisode
tt0833368,tvEpisode
tt0836505,tvEpisode
tt0837032,tvEpisode
tt0854031,tvEpisode
tt0862404,tvEpisode
tt0882621,tvEpisode
tt0895785,tvEpisode
tt0898037,tvEpisode
tt0908887,tvEpisode
tt0946692,tvEpisode
tt0946693,tvEpisode
tt0967966,tvEpisode
tt0969126,tvEpisode
tt0973616,tvEpisode
tt0973617,tvEpisode
tt0987682,tvEpisode
tt1020740,tvEpisode
tt1041500,tvEpisode
tt1072596,tvEpisode
tt1074432,tvEpisode
tt1075624,tvEpisode
tt1084841,tvEpisode
tt1093746,tvEpisode
tt1093747,tvEpisode
tt1103821,tvEpisode
tt1106360,tvEpisode
tt1120711,tvEpisode
tt1121713,tvEpisode
tt1144760,tvEpisode
tt1150839,tvEpisode
tt1150840,tvEpisode
tt1213540,tvEpisode
tt1279302,tvEpisode
tt1283318,tvEpisode
tt0703110,tvEpisode
tt0703111,tvEpisode
tt0703112,tvEpisode
tt0703113,tvEpisode
tt0703114,tvEpisode
tt0703115,tvEpisode
tt0703116,tvEpisode
tt0703117,tvEpisode
tt0703118,tvEpisode
tt0703119,tvEpisode
tt0703120,tvEpisode
tt0703121,tvEpisode
tt0703122,tvEpisode
tt0703123,tvEpisode
tt0703124,tvEpisode
tt0703125,tvEpisode
tt0703126,tvEpisode
tt0703127,tvEpisode
tt0703128,tvEpisode
tt0703129,tvEpisode
tt0703130,tvEpisode
tt0703131,tvEpisode
tt0703132,tvEpisode
tt0703133,tvEpisode
tt0703134,tvEpisode
tt0703135,tvEpisode
tt0703136,tvEpisode
tt0703137,tvEpisode
tt0703138,tvEpisode
tt0703139,tvEpisode
tt0703140,tvEpisode
tt0703141,tvEpisode
tt0703142,tvEpisode
tt0703143,tvEpisode
tt0703144,tvEpisode
tt0703145,tvEpisode
tt0703146,tvEpisode
tt0703147,tvEpisode
tt0703148,tvEpisode
tt0703149,tvEpisode
tt0703150,tvEpisode
tt0703151,tvEpisode
tt0703152,tvEpisode
tt0703153,tvEpisode
tt1098942,tvEpisode
tt1098943,tvEpisode
tt1098944,tvEpisode
tt1098945,tvEpisode
tt1098946,tvEpisode
tt1098947,tvEpisode
tt1098948,tvEpisode
tt0582933,tvEpisode
tt0582934,tvEpisode
tt0582935,tvEpisode
tt0582936,tvEpisode
tt0582937,tvEpisode
tt0582938,tvEpisode
tt0582939,tvEpisode
tt0582940,tvEpisode
tt0582941,tvEpisode
tt0582942,tvEpisode
tt0582943,tvEpisode
tt0582944,tvEpisode
tt0582945,tvEpisode
tt0582946,tvEpisode
tt0582947,tvEpisode
tt0582948,tvEpisode
tt0582949,tvEpisode
tt0582950,tvEpisode
tt0582951,tvEpisode
tt0582952,tvEpisode
tt0582953,tvEpisode
tt0582954,tvEpisode
tt0582955,tvEpisode
tt0582956,tvEpisode
tt0582957,tvEpisode
tt0582958,tvEpisode
tt0582959,tvEpisode
tt0582960,tvEpisode
tt0582961,tvEpisode
tt0582962,tvEpisode
tt0582963,tvEpisode
tt0582964,tvEpisode
tt0582965,tvEpisode
tt0582966,tvEpisode
tt0582967,tvEpisode
tt0582968,tvEpisode
tt0582969,tvEpisode
tt0582970,tvEpisode
tt0582971,tvEpisode
tt0582972,tvEpisode
tt0582973,tvEpisode
tt0582974,tvEpisode
tt0582975,tvEpisode
tt0582976,tvEpisode
tt0582977,tvEpisode
tt0582978,tvEpisode
tt0582979,tvEpisode
tt0582980,tvEpisode
tt0582981,tvEpisode
tt0582982,tvEpisode
tt0582983,tvEpisode
tt0582984,tvEpisode
tt0582985,tvEpisode
tt0582986,tvEpisode
tt0582987,tvEpisode
tt0582988,tvEpisode
tt0582989,tvEpisode
tt0582990,tvEpisode
tt0582991,tvEpisode
tt0582992,tvEpisode
tt0582993,tvEpisode
tt0582994,tvEpisode
tt0582995,tvEpisode
tt0582996,tvEpisode
tt0582997,tvEpisode
tt0582998,tvEpisode
tt0582999,tvEpisode
tt0583000,tvEpisode
tt0583001,tvEpisode
tt0583002,tvEpisode
tt0583003,tvEpisode
tt0583004,tvEpisode
tt0583005,tvEpisode
tt0583006,tvEpisode
tt0583007,tvEpisode
tt0583008,tvEpisode
tt0583009,tvEpisode
tt0583010,tvEpisode
tt0583011,tvEpisode
tt0583012,tvEpisode
tt0583013,tvEpisode
tt0583014,tvEpisode
tt0583015,tvEpisode
tt0583016,tvEpisode
tt0583017,tvEpisode
tt0583018,tvEpisode
tt0583019,tvEpisode
tt0583020,tvEpisode
tt0583021,tvEpisode
tt0583022,tvEpisode
tt0583023,tvEpisode
tt0583024,tvEpisode
tt0583025,tvEpisode
tt0583026,tvEpisode
tt0583027,tvEpisode
tt0583028,tvEpisode
tt0583029,tvEpisode
tt0583030,tvEpisode
tt0583031,tvEpisode
tt0583032,tvEpisode
tt0583033,tvEpisode
tt0583034,tvEpisode
tt0583035,tvEpisode
tt0583036,tvEpisode
tt0583037,tvEpisode
tt0583038,tvEpisode
tt0583039,tvEpisode
tt0583040,tvEpisode
tt0583041,tvEpisode
tt0583042,tvEpisode
tt0583043,tvEpisode
tt0583044,tvEpisode
tt0583045,tvEpisode
tt0583046,tvEpisode
tt0583047,tvEpisode
tt0583048,tvEpisode
tt0583049,tvEpisode
tt0583050,tvEpisode
tt0583051,tvEpisode
tt0583052,tvEpisode
tt0583053,tvEpisode
tt0583054,tvEpisode
tt0583055,tvEpisode
tt0583056,tvEpisode
tt0583057,tvEpisode
tt0583058,tvEpisode
tt0583059,tvEpisode
tt0583060,tvEpisode
tt0583061,tvEpisode
tt0583062,tvEpisode
tt0583063,tvEpisode
tt0583064,tvEpisode
tt0583065,tvEpisode
tt0583066,tvEpisode
tt0583067,tvEpisode
tt0583068,tvEpisode
tt0583069,tvEpisode
tt0583070,tvEpisode
tt0583071,tvEpisode
tt0583072,tvEpisode
tt0583073,tvEpisode
tt0583074,tvEpisode
tt0583075,tvEpisode
tt0583076,tvEpisode
tt0583077,tvEpisode
tt0583078,tvEpisode
tt0583079,tvEpisode
tt0834696,tvEpisode
tt0735137,tvEpisode
tt0735138,tvEpisode
tt0735139,tvEpisode
tt0735140,tvEpisode
tt0735141,tvEpisode
tt0735142,tvEpisode
tt0735143,tvEpisode
tt0735144,tvEpisode
tt0735145,tvEpisode
tt0735146,tvEpisode
tt0735147,tvEpisode
tt0735148,tvEpisode
tt0735149,tvEpisode
tt0735150,tvEpisode
tt0735151,tvEpisode
tt0735152,tvEpisode
tt0735153,tvEpisode
tt0735154,tvEpisode
tt0735155,tvEpisode
tt0735156,tvEpisode
tt0735157,tvEpisode
tt0735158,tvEpisode
tt0735159,tvEpisode
tt0735160,tvEpisode
tt0735161,tvEpisode
tt0735162,tvEpisode
tt0735163,tvEpisode
tt0735164,tvEpisode
tt0735165,tvEpisode
tt0735166,tvEpisode
tt0735167,tvEpisode
tt0735168,tvEpisode
tt0735169,tvEpisode
tt0735170,tvEpisode
tt0735171,tvEpisode
tt0735172,tvEpisode
tt0735173,tvEpisode
tt0735174,tvEpisode
tt0735175,tvEpisode
tt0735176,tvEpisode
tt0735177,tvEpisode
tt0735178,tvEpisode
tt0735179,tvEpisode
tt0735180,tvEpisode
tt0735181,tvEpisode
tt0735182,tvEpisode
tt0735183,tvEpisode
tt0735184,tvEpisode
tt0735185,tvEpisode
tt0735186,tvEpisode
tt0735187,tvEpisode
tt0735188,tvEpisode
tt0735189,tvEpisode
tt0735190,tvEpisode
tt0735191,tvEpisode
tt0735192,tvEpisode
tt0735193,tvEpisode
tt0735194,tvEpisode
tt0759359,tvEpisode
tt0759360,tvEpisode
tt0766022,tvEpisode
tt0766147,tvEpisode
tt0766148,tvEpisode
tt0766149,tvEpisode
tt0766150,tvEpisode
tt0776262,tvEpisode
tt0784584,tvEpisode
tt0786266,tvEpisode
tt0793280,tvEpisode
tt0793281,tvEpisode
tt0799383,tvEpisode
tt0805983,tvEpisode
tt0818066,tvEpisode
tt0854051,tvEpisode
tt0858373,tvEpisode
tt0868906,tvEpisode
tt0870677,tvEpisode
tt0882651,tvEpisode
tt0886285,tvEpisode
tt0889005,tvEpisode
tt0891939,tvEpisode
tt0898835,tvEpisode
tt0906536,tvEpisode
tt0908936,tvEpisode
tt0908937,tvEpisode
tt0932463,tvEpisode
tt0935979,tvEpisode
tt0946827,tvEpisode
tt0957426,tvEpisode
tt0957599,tvEpisode
tt0963690,tvEpisode
tt0987821,tvEpisode
tt1006262,tvEpisode
tt1012332,tvEpisode
tt1017622,tvEpisode
tt1022141,tvEpisode
tt1026380,tvEpisode
tt1026381,tvEpisode
tt1099789,tvEpisode
tt1106487,tvEpisode
tt1120753,tvEpisode
tt1125249,tvEpisode
tt1127140,tvEpisode
tt1129289,tvEpisode
tt1136575,tvEpisode
tt1136576,tvEpisode
tt1142346,tvEpisode
tt1143779,tvEpisode
tt1203453,tvEpisode
tt1206873,tvEpisode
tt1206874,tvEpisode
tt1206875,tvEpisode
tt1206876,tvEpisode
tt1206877,tvEpisode
tt1206878,tvEpisode
tt1206879,tvEpisode
tt1206880,tvEpisode
tt1256401,tvEpisode
tt1256402,tvEpisode
tt1256403,tvEpisode
tt1256404,tvEpisode
tt1256405,tvEpisode
tt1256406,tvEpisode
tt1256407,tvEpisode
tt1256408,tvEpisode
tt1256409,tvEpisode
tt1256410,tvEpisode
tt1256411,tvEpisode
tt1256412,tvEpisode
tt1256413,tvEpisode
tt1256414,tvEpisode
tt1256415,tvEpisode
tt1256416,tvEpisode
tt1256417,tvEpisode
tt1256418,tvEpisode
tt1256419,tvEpisode
tt1256420,tvEpisode
tt1256421,tvEpisode
tt1257508,tvEpisode
tt1427618,tvEpisode
tt1427619,tvEpisode
tt1474307,tvEpisode
tt1510640,tvEpisode
tt1515694,tvEpisode
tt1520804,tvEpisode
tt1529209,tvEpisode
tt1535923,tvEpisode
tt1535924,tvEpisode
tt1544842,tvEpisode
tt1544843,tvEpisode
tt1558557,tvEpisode
tt1558558,tvEpisode
tt1570326,tvEpisode
tt1570327,tvEpisode
tt1588700,tvEpisode
tt1588701,tvEpisode
tt1601446,tvEpisode
tt1610252,tvEpisode
tt1614907,tvEpisode
tt1624858,tvEpisode
tt1646007,tvEpisode
tt1653634,tvEpisode
tt1701939,tvEpisode
tt1727218,tvEpisode
tt1727219,tvEpisode
tt1736235,tvEpisode
tt1736236,tvEpisode
tt1746125,tvEpisode
tt1752991,tvEpisode
tt1757598,tvEpisode
tt1764062,tvEpisode
tt1770560,tvEpisode
tt1788320,tvEpisode
tt1788321,tvEpisode
tt1801472,tvEpisode
tt1811259,tvEpisode
tt1811260,tvEpisode
tt1811261,tvEpisode
tt1943576,tvEpisode
tt1943577,tvEpisode
tt1943578,tvEpisode
tt1943579,tvEpisode
tt1943580,tvEpisode
tt1943581,tvEpisode
tt1943582,tvEpisode
tt1943583,tvEpisode
tt1943584,tvEpisode
tt1943585,tvEpisode
tt2118471,tvEpisode
tt2133074,tvEpisode
tt2148711,tvEpisode
tt2172809,tvEpisode
tt2200885,tvEpisode
tt2214415,tvEpisode
tt2244577,tvEpisode
tt2246461,tvEpisode
tt2292299,tvEpisode
tt2318211,tvEpisode
tt2321013,tvEpisode
tt2327119,tvEpisode
tt2327121,tvEpisode
tt2361001,tvEpisode
tt2401515,tvEpisode
tt2415988,tvEpisode
tt2439776,tvEpisode
tt2439830,tvEpisode
tt2452166,tvEpisode
tt2452170,tvEpisode
tt2452174,tvEpisode
tt2452182,tvEpisode
tt2528624,tvEpisode
tt2545350,tvEpisode
tt2545360,tvEpisode
tt2587444,tvEpisode
tt2587450,tvEpisode
tt2625938,tvEpisode
tt2690836,tvEpisode
tt2710722,tvEpisode
tt2710726,tvEpisode
tt2750608,tvEpisode
tt2780620,tvEpisode
tt2780884,tvEpisode
tt2874552,tvEpisode
tt2886858,tvEpisode
tt2890506,tvEpisode
tt2949222,tvEpisode
tt3198746,tvEpisode
tt3221724,tvEpisode
tt3233256,tvEpisode
tt3264442,tvEpisode
tt3293104,tvEpisode
tt3293108,tvEpisode
tt3341266,tvEpisode
tt3345452,tvEpisode
tt3345456,tvEpisode
tt3420154,tvEpisode
tt3457430,tvEpisode
tt3472166,tvEpisode
tt3497604,tvEpisode
tt3509564,tvEpisode
tt3549960,tvEpisode
tt3549962,tvEpisode
tt3596118,tvEpisode
tt3596246,tvEpisode
tt3596250,tvEpisode
tt3626646,tvEpisode
tt3685312,tvEpisode
tt3685316,tvEpisode
tt3861184,tvEpisode
tt4188770,tvEpisode
tt4206566,tvEpisode
tt4225680,tvEpisode
tt4244842,tvEpisode
tt4265118,tvEpisode
tt4281928,tvEpisode
tt4299958,tvEpisode
tt4329382,tvEpisode
tt4351764,tvEpisode
tt4392294,tvEpisode
tt4415432,tvEpisode
tt4437664,tvEpisode
tt4450100,tvEpisode
tt0775431,tvEpisode
tt1091289,tvEpisode
tt1091290,tvEpisode
tt1091291,tvEpisode
tt1091292,tvEpisode
tt1091293,tvEpisode
tt1127384,tvEpisode
tt1127385,tvEpisode
tt1127386,tvEpisode
tt1127387,tvEpisode
tt1127389,tvEpisode
tt1127390,tvEpisode
tt1127905,tvEpisode
tt1127906,tvEpisode
tt1127907,tvEpisode
tt1127908,tvEpisode
tt1136041,tvEpisode
tt1256020,tvEpisode
tt1256021,tvEpisode
tt1256022,tvEpisode
tt1256023,tvEpisode
tt1256024,tvEpisode
tt1256025,tvEpisode
tt1256026,tvEpisode
tt1256027,tvEpisode
tt1256028,tvEpisode
tt1256029,tvEpisode
tt1256030,tvEpisode
tt1256031,tvEpisode
tt1256032,tvEpisode
tt1256033,tvEpisode
tt1256034,tvEpisode
tt1256035,tvEpisode
tt1256036,tvEpisode
tt1256037,tvEpisode
tt1256038,tvEpisode
tt1256039,tvEpisode
tt1256040,tvEpisode
tt1256599,tvEpisode
tt1426233,tvEpisode
tt1487706,tvEpisode
tt1494210,tvEpisode
tt1495238,tvEpisode
tt1523180,tvEpisode
tt1523181,tvEpisode
tt1528188,tvEpisode
tt1535334,tvEpisode
tt1536922,tvEpisode
tt1544819,tvEpisode
tt1558529,tvEpisode
tt1558530,tvEpisode
tt1567073,tvEpisode
tt1570312,tvEpisode
tt1588684,tvEpisode
tt1589887,tvEpisode
tt1592080,tvEpisode
tt1607974,tvEpisode
tt1609410,tvEpisode
tt1609715,tvEpisode
tt1627740,tvEpisode
tt1628617,tvEpisode
tt1632224,tvEpisode
tt1632225,tvEpisode
tt1632226,tvEpisode
tt1632227,tvEpisode
tt1632228,tvEpisode
tt1632229,tvEpisode
tt1632230,tvEpisode
tt1632231,tvEpisode
tt1632232,tvEpisode
tt1632233,tvEpisode
tt1632234,tvEpisode
tt1632235,tvEpisode
tt1632236,tvEpisode
tt1632237,tvEpisode
tt1632238,tvEpisode
tt1632239,tvEpisode
tt1632240,tvEpisode
tt1632241,tvEpisode
tt1632242,tvEpisode
tt1632243,tvEpisode
tt1632244,tvEpisode
tt1632245,tvEpisode
tt1632246,tvEpisode
tt1648755,tvEpisode
tt1648756,tvEpisode
tt1918407,tvEpisode
tt1980710,tvEpisode
tt2033019,tvEpisode
tt2057241,tvEpisode
tt2058495,tvEpisode
tt2063481,tvEpisode
tt2079337,tvEpisode
tt2082016,tvEpisode
tt2092310,tvEpisode
tt2100287,tvEpisode
tt2105978,tvEpisode
tt2119890,tvEpisode
tt2136314,tvEpisode
tt2139151,tvEpisode
tt2176186,tvEpisode
tt2181587,tvEpisode
tt2192687,tvEpisode
tt2194640,tvEpisode
tt2209665,tvEpisode
tt2220955,tvEpisode
tt2238153,tvEpisode
tt2275201,tvEpisode
tt2275203,tvEpisode
tt2300453,tvEpisode
tt2332311,tvEpisode
tt2372043,tvEpisode
tt2378184,tvEpisode
tt2379487,tvEpisode
tt2392630,tvEpisode
tt2411550,tvEpisode
tt2411582,tvEpisode
tt2450064,tvEpisode
tt2462410,tvEpisode
tt2502436,tvEpisode
tt2505340,tvEpisode
tt2523744,tvEpisode
tt2559784,tvEpisode
tt2571320,tvEpisode
tt2582488,tvEpisode
tt2633894,tvEpisode
tt2636834,tvEpisode
tt2668846,tvEpisode
tt2697398,tvEpisode
tt2708314,tvEpisode
tt2739286,tvEpisode
tt2784494,tvEpisode
tt2833352,tvEpisode
tt2833366,tvEpisode
tt2852720,tvEpisode
tt2891288,tvEpisode
tt2933998,tvEpisode
tt3111660,tvEpisode
tt3218670,tvEpisode
tt3221722,tvEpisode
tt3229392,tvEpisode
tt3229394,tvEpisode
tt3229396,tvEpisode
tt3303726,tvEpisode
tt3309570,tvEpisode
tt3337724,tvEpisode
tt3337728,tvEpisode
tt3337730,tvEpisode
tt3338358,tvEpisode
tt3453320,tvEpisode
tt3477310,tvEpisode
tt3507240,tvEpisode
tt3517894,tvEpisode
tt3521962,tvEpisode
tt3521964,tvEpisode
tt3554854,tvEpisode
tt3572170,tvEpisode
tt3572176,tvEpisode
tt3572182,tvEpisode
tt3572184,tvEpisode
tt3596130,tvEpisode
tt3603346,tvEpisode
tt3603372,tvEpisode
tt3807172,tvEpisode
tt3811812,tvEpisode
tt3811814,tvEpisode
tt3811816,tvEpisode
tt3823240,tvEpisode
tt3823242,tvEpisode
tt3823244,tvEpisode
tt3823248,tvEpisode
tt3823250,tvEpisode
tt3823252,tvEpisode
tt3823254,tvEpisode
tt3862708,tvEpisode
tt3862710,tvEpisode
tt3862712,tvEpisode
tt3862714,tvEpisode
tt3862720,tvEpisode
tt3862722,tvEpisode
tt3862724,tvEpisode
tt3862726,tvEpisode
tt3862728,tvEpisode
tt3862732,tvEpisode
tt3862734,tvEpisode
tt3862738,tvEpisode
tt4938690,tvEpisode
tt4962326,tvEpisode
tt4995126,tvEpisode
tt5027380,tvEpisode
tt5073156,tvEpisode
tt5090816,tvEpisode
tt5117928,tvEpisode
tt5143500,tvEpisode
tt5143508,tvEpisode
tt5143516,tvEpisode
tt5273740,tvEpisode
tt5273742,tvEpisode
tt5295650,tvEpisode
tt5341496,tvEpisode
tt5376678,tvEpisode
tt5436356,tvEpisode
tt5497250,tvEpisode
tt5522908,tvEpisode
tt5562854,tvEpisode
tt5586046,tvEpisode
tt5586050,tvEpisode
tt5597958,tvEpisode
tt5597960,tvEpisode
tt5825290,tvEpisode
tt5973910,tvEpisode
tt5996928,tvEpisode
tt6062772,tvEpisode
tt6077690,tvEpisode
tt6186420,tvEpisode
tt6189462,tvEpisode
tt6214960,tvEpisode
tt6255718,tvEpisode
tt6255770,tvEpisode
tt6320950,tvEpisode
tt6337212,tvEpisode
tt6414316,tvEpisode
tt6438684,tvEpisode
tt6495864,tvEpisode
tt6527026,tvEpisode
tt6565510,tvEpisode
tt6565514,tvEpisode
tt6565516,tvEpisode
tt6565524,tvEpisode
tt6565530,tvEpisode
tt6673774,tvEpisode
tt6673778,tvEpisode
tt6674424,tvEpisode
tt6674428,tvEpisode
tt6674430,tvEpisode
tt6674432,tvEpisode
tt6674434,tvEpisode
tt6674448,tvEpisode
tt6674452,tvEpisode
tt6674454,tvEpisode
tt6674456,tvEpisode
tt6674462,tvEpisode
tt6674466,tvEpisode
tt6674468,tvEpisode
tt6674472,tvEpisode
tt6674476,tvEpisode
tt6674480,tvEpisode
tt6674486,tvEpisode
tt6674490,tvEpisode
tt6674492,tvEpisode
tt6674494,tvEpisode
tt6674496,tvEpisode
tt6674498,tvEpisode
tt6674504,tvEpisode
tt6674506,tvEpisode
tt6674688,tvEpisode
tt6674690,tvEpisode
tt6674692,tvEpisode
tt6674694,tvEpisode
tt6674696,tvEpisode
tt6674698,tvEpisode
tt6674702,tvEpisode
tt6674704,tvEpisode
tt6674706,tvEpisode
tt6674708,tvEpisode
tt6674710,tvEpisode
tt6674712,tvEpisode
tt6674714,tvEpisode
tt6674716,tvEpisode
tt6674718,tvEpisode
tt6674720,tvEpisode
tt6674724,tvEpisode
tt6674726,tvEpisode
tt6674728,tvEpisode
tt6674730,tvEpisode
tt6674732,tvEpisode
tt6674734,tvEpisode
tt6674736,tvEpisode
tt6706250,tvEpisode
tt6706254,tvEpisode
tt3818888,tvEpisode
tt3818892,tvEpisode
tt3833452,tvEpisode
tt3852470,tvEpisode
tt3887882,tvEpisode
tt3887888,tvEpisode
tt3887950,tvEpisode
tt3887958,tvEpisode
tt3963482,tvEpisode
tt3963484,tvEpisode
tt3963678,tvEpisode
tt3963682,tvEpisode
tt5031232,tvEpisode
tt5362622,tvEpisode
tt5362626,tvEpisode
tt5362884,tvEpisode
tt5362906,tvEpisode
tt5365786,tvEpisode
tt5365788,tvEpisode
tt5365792,tvEpisode
tt5365796,tvEpisode
tt5365798,tvEpisode
tt6858802,tvEpisode
tt7083044,tvEpisode
tt0606103,tvEpisode
tt0606104,tvEpisode
tt0606105,tvEpisode
tt0606106,tvEpisode
tt0606107,tvEpisode
tt0606108,tvEpisode
tt0606109,tvEpisode
tt0606110,tvEpisode
tt0606111,tvEpisode
tt0606112,tvEpisode
tt0606113,tvEpisode
tt0606114,tvEpisode
tt0606115,tvEpisode
tt0606116,tvEpisode
tt0606117,tvEpisode
tt0606118,tvEpisode
tt0606119,tvEpisode
tt0756504,tvEpisode
tt0760776,tvEpisode
tt0774239,tvEpisode
tt0788623,tvEpisode
tt0801608,tvEpisode
tt0858000,tvEpisode
tt0863640,tvEpisode
tt0865115,tvEpisode
tt0866188,tvEpisode
tt0869673,tvEpisode
tt0873024,tvEpisode
tt0875360,tvEpisode
tt0885871,tvEpisode
tt0885872,tvEpisode
tt0892578,tvEpisode
tt0897111,tvEpisode
tt0904645,tvEpisode
tt0924673,tvEpisode
tt0933496,tvEpisode
tt0943657,tvEpisode
tt0946316,tvEpisode
tt0966112,tvEpisode
tt0969965,tvEpisode
tt0978049,tvEpisode
tt0982196,tvEpisode
tt0994245,tvEpisode
tt1017766,tvEpisode
tt1084790,tvEpisode
tt1094834,tvEpisode
tt1097293,tvEpisode
tt1115217,tvEpisode
tt1117436,tvEpisode
tt1120228,tvEpisode
tt1121411,tvEpisode
tt1140904,tvEpisode
tt1142665,tvEpisode
tt1154186,tvEpisode
tt1155839,tvEpisode
tt1203040,tvEpisode
tt1204516,tvEpisode
tt1206866,tvEpisode
tt1206867,tvEpisode
tt1206868,tvEpisode
tt1206869,tvEpisode
tt1206870,tvEpisode
tt1206871,tvEpisode
tt1206872,tvEpisode
tt1256171,tvEpisode
tt1256172,tvEpisode
tt1256173,tvEpisode
tt1256174,tvEpisode
tt1256175,tvEpisode
tt1256176,tvEpisode
tt1256177,tvEpisode
tt1256178,tvEpisode
tt1256179,tvEpisode
tt1256180,tvEpisode
tt1256181,tvEpisode
tt1256182,tvEpisode
tt1256183,tvEpisode
tt1256184,tvEpisode
tt1256185,tvEpisode
tt1256186,tvEpisode
tt1256187,tvEpisode
tt1256188,tvEpisode
tt1256189,tvEpisode
tt1256190,tvEpisode
tt1256191,tvEpisode
tt1256606,tvEpisode
tt1410619,tvEpisode
tt1425523,tvEpisode
tt1491272,tvEpisode
tt1510422,tvEpisode
tt1520584,tvEpisode
tt1523038,tvEpisode
tt1523745,tvEpisode
tt1531287,tvEpisode
tt1536724,tvEpisode
tt1541288,tvEpisode
tt1541289,tvEpisode
tt1553522,tvEpisode
tt1559709,tvEpisode
tt1570154,tvEpisode
tt1570155,tvEpisode
tt1576524,tvEpisode
tt1589779,tvEpisode
tt1595724,tvEpisode
tt1609315,tvEpisode
tt1610780,tvEpisode
tt1624286,tvEpisode
tt1631001,tvEpisode
tt1632014,tvEpisode
tt1632015,tvEpisode
tt1640994,tvEpisode
tt1648494,tvEpisode
tt1701804,tvEpisode
tt1713733,tvEpisode
tt1723669,tvEpisode
tt1733369,tvEpisode
tt1737327,tvEpisode
tt1737328,tvEpisode
tt1746026,tvEpisode
tt1757176,tvEpisode
tt1763611,tvEpisode
tt1777828,tvEpisode
tt1778997,tvEpisode
tt1779155,tvEpisode
tt1795956,tvEpisode
tt1795957,tvEpisode
tt1795958,tvEpisode
tt1795959,tvEpisode
tt1795960,tvEpisode
tt1795961,tvEpisode
tt1795962,tvEpisode
tt1795963,tvEpisode
tt1795964,tvEpisode
tt1795965,tvEpisode
tt1795966,tvEpisode
tt1795967,tvEpisode
tt1982341,tvEpisode
tt2039807,tvEpisode
tt2049132,tvEpisode
tt2049980,tvEpisode
tt2071800,tvEpisode
tt2072524,tvEpisode
tt2072525,tvEpisode
tt2072526,tvEpisode
tt2094413,tvEpisode
tt2102769,tvEpisode
tt2108075,tvEpisode
tt2121966,tvEpisode
tt2157457,tvEpisode
tt2157459,tvEpisode
tt2212411,tvEpisode
tt2216757,tvEpisode
tt2216759,tvEpisode
tt2247489,tvEpisode
tt2252518,tvEpisode
tt2265943,tvEpisode
tt2336905,tvEpisode
tt2346207,tvEpisode
tt2376741,tvEpisode
tt2376743,tvEpisode
tt2376745,tvEpisode
tt2414774,tvEpisode
tt2428796,tvEpisode
tt2428798,tvEpisode
tt2445770,tvEpisode
tt2460610,tvEpisode
tt2460618,tvEpisode
tt2460620,tvEpisode
tt2466704,tvEpisode
tt2547538,tvEpisode
tt2556002,tvEpisode
tt2556008,tvEpisode
tt2569148,tvEpisode
tt2630114,tvEpisode
tt2654452,tvEpisode
tt2668726,tvEpisode
tt2676388,tvEpisode
tt2712100,tvEpisode
tt2733014,tvEpisode
tt2777232,tvEpisode
tt2795770,tvEpisode
tt2802532,tvEpisode
tt2815916,tvEpisode
tt2847436,tvEpisode
tt2861788,tvEpisode
tt3040972,tvEpisode
tt3040980,tvEpisode
tt3113690,tvEpisode
tt3212666,tvEpisode
tt3247720,tvEpisode
tt3268352,tvEpisode
tt3268354,tvEpisode
tt3268356,tvEpisode
tt3317356,tvEpisode
tt3331436,tvEpisode
tt3353092,tvEpisode
tt3359400,tvEpisode
tt3382270,tvEpisode
tt3390680,tvEpisode
tt3390684,tvEpisode
tt3415286,tvEpisode
tt3415288,tvEpisode
tt3415292,tvEpisode
tt3415296,tvEpisode
tt3415298,tvEpisode
tt3415300,tvEpisode
tt3415302,tvEpisode
tt3415304,tvEpisode
